				<key name="Palette1" modified="2015-03-19 13:53:09" build="150310">
					<value name="Name" type="string" data="base16-ocean-dark"/>
					<value name="ExtendColors" type="hex" data="00"/>
					<value name="ExtendColorIdx" type="hex" data="0e"/>
					<value name="TextColorIdx" type="hex" data="10"/>
					<value name="BackColorIdx" type="hex" data="10"/>
					<value name="PopTextColorIdx" type="hex" data="10"/>
					<value name="PopBackColorIdx" type="hex" data="10"/>
					<value name="ColorTable00" type="dword" data="003b302b"/>
					<value name="ColorTable01" type="dword" data="00b3a18f"/>
					<value name="ColorTable02" type="dword" data="008cbea3"/>
					<value name="ColorTable03" type="dword" data="008cbea3"/>
					<value name="ColorTable04" type="dword" data="006a61bf"/>
					<value name="ColorTable05" type="dword" data="00ad8eb4"/>
					<value name="ColorTable06" type="dword" data="007087d0"/>
					<value name="ColorTable07" type="dword" data="00cec5c0"/>
					<value name="ColorTable08" type="dword" data="007e7365"/>
					<value name="ColorTable09" type="dword" data="00b3a18f"/>
					<value name="ColorTable10" type="dword" data="008cbea3"/>
					<value name="ColorTable11" type="dword" data="00b3a18f"/>
					<value name="ColorTable12" type="dword" data="006a61bf"/>
					<value name="ColorTable13" type="dword" data="006a61bf"/>
					<value name="ColorTable14" type="dword" data="008bcbeb"/>
					<value name="ColorTable15" type="dword" data="007087d0"/>
                                        <value name="ColorTable16" type="dword" data="00000000"/>
                                        <value name="ColorTable17" type="dword" data="00000080"/>
                                        <value name="ColorTable18" type="dword" data="00008000"/>
                                        <value name="ColorTable19" type="dword" data="00008080"/>
                                        <value name="ColorTable20" type="dword" data="00800000"/>
                                        <value name="ColorTable21" type="dword" data="00800080"/>
                                        <value name="ColorTable22" type="dword" data="00808000"/>
                                        <value name="ColorTable23" type="dword" data="00c0c0c0"/>
                                        <value name="ColorTable24" type="dword" data="00808080"/>
                                        <value name="ColorTable25" type="dword" data="000000ff"/>
                                        <value name="ColorTable26" type="dword" data="0000ff00"/>
                                        <value name="ColorTable27" type="dword" data="0000ffff"/>
                                        <value name="ColorTable28" type="dword" data="00ff0000"/>
                                        <value name="ColorTable29" type="dword" data="00ff00ff"/>
                                        <value name="ColorTable30" type="dword" data="00ffff00"/>
                                        <value name="ColorTable31" type="dword" data="00ffffff"/>
				</key>
