        <key name="Palette1" modified="2016-02-21 19:15:02" build="160218">
	  <value name="Name" type="string" data="gruvbox-dark"/>
          <value name="ExtendColors" type="hex" data="00"/>
          <value name="ExtendColorIdx" type="hex" data="0e"/>
          <value name="TextColorIdx" type="hex" data="10"/>
          <value name="BackColorIdx" type="hex" data="10"/>
          <value name="PopTextColorIdx" type="hex" data="10"/>
          <value name="PopBackColorIdx" type="hex" data="10"/>
          <value name="ColorTable00" type="dword" data="00282828"/>
          <value name="ColorTable01" type="dword" data="00758392"/>
          <value name="ColorTable02" type="dword" data="001a9798"/>
          <value name="ColorTable03" type="dword" data="0037bab8"/>
          <value name="ColorTable04" type="dword" data="001d24cc"/>
          <value name="ColorTable05" type="dword" data="008662b1"/>
          <value name="ColorTable06" type="dword" data="002d80fc"/>
          <value name="ColorTable07" type="dword" data="00b4daeb"/>
          <value name="ColorTable08" type="dword" data="008499a8"/>
          <value name="ColorTable09" type="dword" data="0098a584"/>
          <value name="ColorTable10" type="dword" data="0037bab8"/>
          <value name="ColorTable11" type="dword" data="007fbf8f"/>
          <value name="ColorTable12" type="dword" data="003c4bf8"/>
          <value name="ColorTable13" type="dword" data="009b87d2"/>
          <value name="ColorTable14" type="dword" data="0041bcf9"/>
          <value name="ColorTable15" type="dword" data="009b87d2"/>
          <value name="ColorTable16" type="dword" data="00000000"/>
          <value name="ColorTable17" type="dword" data="00800000"/>
          <value name="ColorTable18" type="dword" data="00008000"/>
          <value name="ColorTable19" type="dword" data="00808000"/>
          <value name="ColorTable20" type="dword" data="00000080"/>
          <value name="ColorTable21" type="dword" data="00800080"/>
          <value name="ColorTable22" type="dword" data="00008080"/>
          <value name="ColorTable23" type="dword" data="00c0c0c0"/>
          <value name="ColorTable24" type="dword" data="00808080"/>
          <value name="ColorTable25" type="dword" data="00ff0000"/>
          <value name="ColorTable26" type="dword" data="0000ff00"/>
          <value name="ColorTable27" type="dword" data="00ffff00"/>
          <value name="ColorTable28" type="dword" data="000000ff"/>
          <value name="ColorTable29" type="dword" data="00ff00ff"/>
          <value name="ColorTable30" type="dword" data="0000ffff"/>
          <value name="ColorTable31" type="dword" data="00ffffff"/>
        </key>
