				<key name="Palette1" modified="2015-11-16 11:34:26" build="150513">
					<value name="Name" type="string" data="Material Shell (Dark)"/>
					<value name="ExtendColors" type="hex" data="00"/>
					<value name="ExtendColorIdx" type="hex" data="0e"/>
					<value name="TextColorIdx" type="hex" data="06"/>
					<value name="BackColorIdx" type="hex" data="00"/>
					<value name="PopTextColorIdx" type="hex" data="10"/>
					<value name="PopBackColorIdx" type="hex" data="00"/>
					<value name="ColorTable00" type="dword" data="00151515"/>
					<value name="ColorTable01" type="dword" data="004f4737"/>
					<value name="ColorTable02" type="dword" data="00645a45"/>
					<value name="ColorTable03" type="dword" data="00716f5d"/>
					<value name="ColorTable04" type="dword" data="000098ff"/>
					<value name="ColorTable05" type="dword" data="00ffc440"/>
					<value name="ColorTable06" type="dword" data="00b8b0a1"/>
					<value name="ColorTable07" type="dword" data="00f5f5f5"/>
					<value name="ColorTable08" type="dword" data="00b8b0a1"/>
					<value name="ColorTable09" type="dword" data="00f5a542"/>
					<value name="ColorTable10" type="dword" data="002cd8c3"/>
					<value name="ColorTable11" type="dword" data="00c1ac00"/>
					<value name="ColorTable12" type="dword" data="003e44ff"/>
					<value name="ColorTable13" type="dword" data="00601bd8"/>
					<value name="ColorTable14" type="dword" data="0035c1ff"/>
					<value name="ColorTable15" type="dword" data="00f5f5f5"/>
					<value name="ColorTable16" type="dword" data="00000000"/>
					<value name="ColorTable17" type="dword" data="00800000"/>
					<value name="ColorTable18" type="dword" data="00008000"/>
					<value name="ColorTable19" type="dword" data="00808000"/>
					<value name="ColorTable20" type="dword" data="00000080"/>
					<value name="ColorTable21" type="dword" data="00800080"/>
					<value name="ColorTable22" type="dword" data="00008080"/>
					<value name="ColorTable23" type="dword" data="00c0c0c0"/>
					<value name="ColorTable24" type="dword" data="00808080"/>
					<value name="ColorTable25" type="dword" data="00ff0000"/>
					<value name="ColorTable26" type="dword" data="0000ff00"/>
					<value name="ColorTable27" type="dword" data="00ffff00"/>
					<value name="ColorTable28" type="dword" data="000000ff"/>
					<value name="ColorTable29" type="dword" data="00ff00ff"/>
					<value name="ColorTable30" type="dword" data="0000ffff"/>
					<value name="ColorTable31" type="dword" data="00ffffff"/>
				</key>