        <key name="Palette1" modified="2017-04-16 00:46:22" build="170316">
          <value name="Name" type="string" data="Material (Sublime) darker"/>
          <value name="ExtendColors" type="hex" data="00"/>
          <value name="ExtendColorIdx" type="hex" data="0e"/>
          <value name="TextColorIdx" type="hex" data="10"/>
          <value name="BackColorIdx" type="hex" data="10"/>
          <value name="PopTextColorIdx" type="hex" data="10"/>
          <value name="PopBackColorIdx" type="hex" data="10"/>
          <value name="ColorTable00" type="dword" data="00151515"/>
          <value name="ColorTable01" type="dword" data="004a4a4a"/>
          <value name="ColorTable02" type="dword" data="008de8c3"/>
          <value name="ColorTable03" type="dword" data="008de8c3"/>
          <value name="ColorTable04" type="dword" data="007053ff"/>
          <value name="ColorTable05" type="dword" data="00ea92c7"/>
          <value name="ColorTable06" type="dword" data="006c8cf7"/>
          <value name="ColorTable07" type="dword" data="00ffffee"/>
          <value name="ColorTable08" type="dword" data="00d6ccb2"/>
          <value name="ColorTable09" type="dword" data="00ffaa82"/>
          <value name="ColorTable10" type="dword" data="008de8c3"/>
          <value name="ColorTable11" type="dword" data="00ffdd89"/>
          <value name="ColorTable12" type="dword" data="007053ff"/>
          <value name="ColorTable13" type="dword" data="007871f0"/>
          <value name="ColorTable14" type="dword" data="006bcbff"/>
          <value name="ColorTable15" type="dword" data="006c8cf7"/>
          <value name="ColorTable16" type="dword" data="00000000"/>
          <value name="ColorTable17" type="dword" data="00800000"/>
          <value name="ColorTable18" type="dword" data="00008000"/>
          <value name="ColorTable19" type="dword" data="00808000"/>
          <value name="ColorTable20" type="dword" data="00000080"/>
          <value name="ColorTable21" type="dword" data="00800080"/>
          <value name="ColorTable22" type="dword" data="00008080"/>
          <value name="ColorTable23" type="dword" data="00c0c0c0"/>
          <value name="ColorTable24" type="dword" data="00808080"/>
          <value name="ColorTable25" type="dword" data="00ff0000"/>
          <value name="ColorTable26" type="dword" data="0000ff00"/>
          <value name="ColorTable27" type="dword" data="00ffff00"/>
          <value name="ColorTable28" type="dword" data="000000ff"/>
          <value name="ColorTable29" type="dword" data="00ff00ff"/>
          <value name="ColorTable30" type="dword" data="0000ffff"/>
          <value name="ColorTable31" type="dword" data="00ffffff"/>
        </key>

