        <key name="Palette1" modified="2017-01-06 21:01:42" build="161206">
          <value name="Name" type="string" data="monokai"/>
          <value name="ExtendColors" type="hex" data="00"/>
          <value name="ExtendColorIdx" type="hex" data="10"/>
          <value name="TextColorIdx" type="hex" data="10"/>
          <value name="BackColorIdx" type="hex" data="10"/>
          <value name="PopTextColorIdx" type="hex" data="10"/>
          <value name="PopBackColorIdx" type="hex" data="10"/>
          <value name="ColorTable00" type="dword" data="00222827"/>
          <value name="ColorTable01" type="dword" data="005e7175"/>
          <value name="ColorTable02" type="dword" data="002ee2a6"/>
          <value name="ColorTable03" type="dword" data="0074dbe6"/>
          <value name="ColorTable04" type="dword" data="001f97fd"/>
          <value name="ColorTable05" type="dword" data="00ff81ae"/>
          <value name="ColorTable06" type="dword" data="001f97fd"/>
          <value name="ColorTable07" type="dword" data="00f2f8f8"/>
          <value name="ColorTable08" type="dword" data="007226f9"/>
          <value name="ColorTable09" type="dword" data="00efd966"/>
          <value name="ColorTable10" type="dword" data="002ee2a6"/>
          <value name="ColorTable11" type="dword" data="00e4efa1"/>
          <value name="ColorTable12" type="dword" data="003366cc"/>
          <value name="ColorTable13" type="dword" data="007226f9"/>
          <value name="ColorTable14" type="dword" data="0075bff4"/>
          <value name="ColorTable15" type="dword" data="00ff81ae"/>
          <value name="ColorTable16" type="dword" data="00000000"/>
          <value name="ColorTable17" type="dword" data="00800000"/>
          <value name="ColorTable18" type="dword" data="00008000"/>
          <value name="ColorTable19" type="dword" data="00808000"/>
          <value name="ColorTable20" type="dword" data="00000080"/>
          <value name="ColorTable21" type="dword" data="00800080"/>
          <value name="ColorTable22" type="dword" data="00008080"/>
          <value name="ColorTable23" type="dword" data="00c0c0c0"/>
          <value name="ColorTable24" type="dword" data="00808080"/>
          <value name="ColorTable25" type="dword" data="00ff0000"/>
          <value name="ColorTable26" type="dword" data="0000ff00"/>
          <value name="ColorTable27" type="dword" data="00ffff00"/>
          <value name="ColorTable28" type="dword" data="000000ff"/>
          <value name="ColorTable29" type="dword" data="00ff00ff"/>
          <value name="ColorTable30" type="dword" data="0000ffff"/>
          <value name="ColorTable31" type="dword" data="00ffffff"/>
        </key>
