				<key name="Palette1" modified="2015-03-19 13:53:09" build="150310">
					<value name="Name" type="string" data="Solarized Dark"/>
					<value name="ExtendColors" type="hex" data="00"/>
					<value name="ExtendColorIdx" type="hex" data="0e"/>
					<value name="TextColorIdx" type="hex" data="10"/>
					<value name="BackColorIdx" type="hex" data="10"/>
					<value name="PopTextColorIdx" type="hex" data="10"/>
					<value name="PopBackColorIdx" type="hex" data="10"/>
					<value name="ColorTable00" type="dword" data="00362b00"/>
					<value name="ColorTable01" type="dword" data="00756e58"/>
					<value name="ColorTable02" type="dword" data="00009985"/>
					<value name="ColorTable03" type="dword" data="0098a12a"/>
					<value name="ColorTable04" type="dword" data="002f32dc"/>
					<value name="ColorTable05" type="dword" data="00c4716c"/>
					<value name="ColorTable06" type="dword" data="00164bcb"/>
					<value name="ColorTable07" type="dword" data="00969483"/>
					<value name="ColorTable08" type="dword" data="00586e75"/>
					<value name="ColorTable09" type="dword" data="00d28b26"/>
					<value name="ColorTable10" type="dword" data="00009985"/>
					<value name="ColorTable11" type="dword" data="0098a12a"/>
					<value name="ColorTable12" type="dword" data="002f32dc"/>
					<value name="ColorTable13" type="dword" data="008236d3"/>
					<value name="ColorTable14" type="dword" data="000089b5"/>
					<value name="ColorTable15" type="dword" data="00a1a193"/>
					<value name="ColorTable16" type="dword" data="00362b00"/>
					<value name="ColorTable17" type="dword" data="00423607"/>
					<value name="ColorTable18" type="dword" data="00756e58"/>
					<value name="ColorTable19" type="dword" data="00837b65"/>
					<value name="ColorTable20" type="dword" data="002f32dc"/>
					<value name="ColorTable21" type="dword" data="00c4716c"/>
					<value name="ColorTable22" type="dword" data="00164bcb"/>
					<value name="ColorTable23" type="dword" data="00d5e8ee"/>
					<value name="ColorTable24" type="dword" data="00a1a193"/>
					<value name="ColorTable25" type="dword" data="00d28b26"/>
					<value name="ColorTable26" type="dword" data="00009985"/>
					<value name="ColorTable27" type="dword" data="0098a12a"/>
					<value name="ColorTable28" type="dword" data="00969483"/>
					<value name="ColorTable29" type="dword" data="008236d3"/>
					<value name="ColorTable30" type="dword" data="000089b5"/>
					<value name="ColorTable31" type="dword" data="00e3f6fd"/>
                </key>
