				<key name="Palette1" modified="2015-04-05 12:51:32" build="150305">
					<value name="Name" type="string" data="Spacemacs-dark"/>
					<value name="ExtendColors" type="hex" data="01"/>
					<value name="ExtendColorIdx" type="hex" data="0b"/>
					<value name="TextColorIdx" type="hex" data="10"/>
					<value name="BackColorIdx" type="hex" data="10"/>
					<value name="PopTextColorIdx" type="hex" data="10"/>
					<value name="PopBackColorIdx" type="hex" data="10"/>
					<value name="ColorTable00" type="dword" data="002e2b29"/>
					<value name="ColorTable01" type="dword" data="00aea12a"/>
					<value name="ColorTable02" type="dword" data="002fdc86"/>
					<value name="ColorTable03" type="dword" data="0074952d"/>
					<value name="ColorTable04" type="dword" data="001d21e0"/>
					<value name="ColorTable05" type="dword" data="00c56ebc"/>
					<value name="ColorTable06" type="dword" data="002f75dc"/>
					<value name="ColorTable07" type="dword" data="00b2b2b2"/>
					<value name="ColorTable08" type="dword" data="00ad5ba4"/>
					<value name="ColorTable09" type="dword" data="00d7974f"/>
					<value name="ColorTable10" type="dword" data="001db167"/>
					<value name="ColorTable11" type="dword" data="00f0de28"/>
					<value name="ColorTable12" type="dword" data="001f24f2"/>
					<value name="ColorTable13" type="dword" data="007a53ce"/>
					<value name="ColorTable14" type="dword" data="001d95b1"/>
					<value name="ColorTable15" type="dword" data="00b2b2b2"/>
					<value name="ColorTable16" type="dword" data="00000000"/>
					<value name="ColorTable17" type="dword" data="00800000"/>
					<value name="ColorTable18" type="dword" data="00008000"/>
					<value name="ColorTable19" type="dword" data="00808000"/>
					<value name="ColorTable20" type="dword" data="00000080"/>
					<value name="ColorTable21" type="dword" data="00800080"/>
					<value name="ColorTable22" type="dword" data="00008080"/>
					<value name="ColorTable23" type="dword" data="00c0c0c0"/>
					<value name="ColorTable24" type="dword" data="00808080"/>
					<value name="ColorTable25" type="dword" data="00ff0000"/>
					<value name="ColorTable26" type="dword" data="0000ff00"/>
					<value name="ColorTable27" type="dword" data="00ffff00"/>
					<value name="ColorTable28" type="dword" data="000000ff"/>
					<value name="ColorTable29" type="dword" data="00ff00ff"/>
					<value name="ColorTable30" type="dword" data="0000ffff"/>
					<value name="ColorTable31" type="dword" data="00ffffff"/>
				</key>
